BEGIN TRAN
INSERT INTO T_ACAO(NM_ACAO) VALUES('ADICIONAR_PROCESSO')
INSERT INTO T_ACAO(NM_ACAO) VALUES('ATIVAR/DESATIVAR')
INSERT INTO T_ACAO(NM_ACAO) VALUES('CRIAR')
INSERT INTO T_ACAO(NM_ACAO) VALUES('EDITAR')
INSERT INTO T_ACAO(NM_ACAO) VALUES('EXCLUIR')
INSERT INTO T_ACAO(NM_ACAO) VALUES('PESQUISAR')


INSERT INTO T_FUNCIONALIDADE_MES(NM_FNCAO_MES) VALUES('MANUTENCAO_EVENTO')
INSERT INTO T_FUNCIONALIDADE_MES(NM_FNCAO_MES) VALUES('MANUTENCAO_GRUPO_EVENTO')

INSERT INTO T_ACAO_FUNCIONALIDADE_MES (NM_ACAO, NM_FNCAO_MES) VALUES('ADICIONAR_PROCESSO', 'MANUTENCAO_EVENTO')
INSERT INTO T_ACAO_FUNCIONALIDADE_MES (NM_ACAO, NM_FNCAO_MES) VALUES('ATIVAR/DESATIVAR', 'MANUTENCAO_EVENTO')
INSERT INTO T_ACAO_FUNCIONALIDADE_MES (NM_ACAO, NM_FNCAO_MES) VALUES('CRIAR', 'MANUTENCAO_EVENTO')
INSERT INTO T_ACAO_FUNCIONALIDADE_MES (NM_ACAO, NM_FNCAO_MES) VALUES('EDITAR', 'MANUTENCAO_EVENTO')
INSERT INTO T_ACAO_FUNCIONALIDADE_MES (NM_ACAO, NM_FNCAO_MES) VALUES('EXCLUIR', 'MANUTENCAO_EVENTO')
INSERT INTO T_ACAO_FUNCIONALIDADE_MES (NM_ACAO, NM_FNCAO_MES) VALUES('PESQUISAR', 'MANUTENCAO_EVENTO')
INSERT INTO T_ACAO_FUNCIONALIDADE_MES (NM_ACAO, NM_FNCAO_MES) VALUES('PESQUISAR', 'MANUTENCAO_GRUPO_EVENTO')
INSERT INTO T_ACAO_FUNCIONALIDADE_MES (NM_ACAO, NM_FNCAO_MES) VALUES('ATIVAR/DESATIVAR', 'MANUTENCAO_GRUPO_EVENTO')
INSERT INTO T_ACAO_FUNCIONALIDADE_MES (NM_ACAO, NM_FNCAO_MES) VALUES('CRIAR', 'MANUTENCAO_GRUPO_EVENTO')
INSERT INTO T_ACAO_FUNCIONALIDADE_MES (NM_ACAO, NM_FNCAO_MES) VALUES('EDITAR', 'MANUTENCAO_GRUPO_EVENTO')
INSERT INTO T_ACAO_FUNCIONALIDADE_MES (NM_ACAO, NM_FNCAO_MES) VALUES('EXCLUIR', 'MANUTENCAO_GRUPO_EVENTO')


INSERT INTO T_PERMISSAO_ACESSO(ID_PERMT_ACSS, CD_GRUPO_AD, NM_ACAO, NM_FNCAO_MES, CD_PLANTA, ID_PRCS) VALUES(1,'GRUPO_MANUTENCAO', 'ADICIONAR_PROCESSO', 'MANUTENCAO_EVENTO', '0', null)
INSERT INTO T_PERMISSAO_ACESSO(ID_PERMT_ACSS, CD_GRUPO_AD, NM_ACAO, NM_FNCAO_MES, CD_PLANTA, ID_PRCS) VALUES(2,'GRUPO_MANUTENCAO', 'ATIVAR/DESATIVAR', 'MANUTENCAO_EVENTO', '0', null)
INSERT INTO T_PERMISSAO_ACESSO(ID_PERMT_ACSS, CD_GRUPO_AD, NM_ACAO, NM_FNCAO_MES, CD_PLANTA, ID_PRCS) VALUES(3,'GRUPO_MANUTENCAO', 'CRIAR', 'MANUTENCAO_EVENTO', '0', null)
INSERT INTO T_PERMISSAO_ACESSO(ID_PERMT_ACSS, CD_GRUPO_AD, NM_ACAO, NM_FNCAO_MES, CD_PLANTA, ID_PRCS) VALUES(4,'GRUPO_MANUTENCAO', 'EDITAR', 'MANUTENCAO_EVENTO', '0', null)
INSERT INTO T_PERMISSAO_ACESSO(ID_PERMT_ACSS, CD_GRUPO_AD, NM_ACAO, NM_FNCAO_MES, CD_PLANTA, ID_PRCS) VALUES(5,'GRUPO_MANUTENCAO', 'EXCLUIR', 'MANUTENCAO_EVENTO', '0', null)
INSERT INTO T_PERMISSAO_ACESSO(ID_PERMT_ACSS, CD_GRUPO_AD, NM_ACAO, NM_FNCAO_MES, CD_PLANTA, ID_PRCS) VALUES(6,'GRUPO_MANUTENCAO', 'PESQUISAR', 'MANUTENCAO_EVENTO', '0', null)
INSERT INTO T_PERMISSAO_ACESSO(ID_PERMT_ACSS, CD_GRUPO_AD, NM_ACAO, NM_FNCAO_MES, CD_PLANTA, ID_PRCS) VALUES(7,'GRUPO_EVENTO', 'PESQUISAR', 'MANUTENCAO_GRUPO_EVENTO', '0', null)
INSERT INTO T_PERMISSAO_ACESSO(ID_PERMT_ACSS, CD_GRUPO_AD, NM_ACAO, NM_FNCAO_MES, CD_PLANTA, ID_PRCS) VALUES(8,'GRUPO_EVENTO', 'ATIVAR/DESATIVAR', 'MANUTENCAO_GRUPO_EVENTO', '0', null)
INSERT INTO T_PERMISSAO_ACESSO(ID_PERMT_ACSS, CD_GRUPO_AD, NM_ACAO, NM_FNCAO_MES, CD_PLANTA, ID_PRCS) VALUES(9,'GRUPO_EVENTO', 'CRIAR', 'MANUTENCAO_GRUPO_EVENTO', '0', null)
INSERT INTO T_PERMISSAO_ACESSO(ID_PERMT_ACSS, CD_GRUPO_AD, NM_ACAO, NM_FNCAO_MES, CD_PLANTA, ID_PRCS) VALUES(10,'GRUPO_EVENTO', 'EDITAR', 'MANUTENCAO_GRUPO_EVENTO', '0', null)
INSERT INTO T_PERMISSAO_ACESSO(ID_PERMT_ACSS, CD_GRUPO_AD, NM_ACAO, NM_FNCAO_MES, CD_PLANTA, ID_PRCS) VALUES(11,'GRUPO_EVENTO', 'EXCLUIR', 'MANUTENCAO_GRUPO_EVENTO', '0', null)
INSERT INTO T_PERMISSAO_ACESSO(ID_PERMT_ACSS, CD_GRUPO_AD, NM_ACAO, NM_FNCAO_MES, CD_PLANTA, ID_PRCS) VALUES(12,'GRUPO_PESQUISA', 'PESQUISAR', 'MANUTENCAO_GRUPO_EVENTO', '0', null)




--ROLLBACK

--COMMIT


